Time,Symbol,Side,Price,Qty,Route,Broker,Account,Type,Cloid,ECNFee,P / L,
11:19:27,ORCL,SS,138.77,77,SMRT,BEST,IB,Short,260707020145.0,0,2.31,
11:19:27,ORCL,SS,138.795,1,SMRT,BEST,IB,Short,260707020145.0,0,0.06,
11:14:44,SMR,S,8.835,169,SMRT,BEST,IB,Margin,260707019720.0,0,13.04,
11:14:44,SMR,S,8.835,591,SMRT,BEST,IB,Margin,260707019720.0,0,45.60,
11:14:44,SMR,S,8.835,9,SMRT,BEST,IB,Margin,260707019720.0,0,0.69,
10:59:19,ORCL,B,138.74,39,SMRT,BEST,IB,Margin,260707018409.0,0,0.00,
10:59:19,ORCL,B,138.74,39,SMRT,BEST,IB,Margin,260707018409.0,0,0.00,
10:56:33,SMR,S,8.8405,769,SMRT,BEST,IB,Margin,260707018228.0,0,63.57,
10:46:53,SMR,B,8.7576,616,SMRT,BEST,IB,Margin,260707017296.0,0,0.00,
10:46:53,SMR,B,8.758,922,SMRT,BEST,IB,Margin,260707017296.0,0,0.00,
10:33:27,NVDA,B,191.955,100,SMRT,BEST,IB,Margin,260707015810.0,0,-15.08,
10:33:27,NVDA,B,191.955,455,SMRT,BEST,IB,Margin,260707015810.0,0,-68.63,
10:32:28,NVDA,SS,191.8,25,SMRT,BEST,IB,Short,260707015666.0,0,0.00,
10:32:28,NVDA,SS,191.8015,75,SMRT,BEST,IB,Short,260707015666.0,0,0.00,
10:32:28,NVDA,SS,191.8,100,SMRT,NYSE,IB,Short,260707015666.0,0,0.00,
10:32:28,NVDA,SS,191.8048,155,SMRT,BEST,IB,Short,260707015666.0,0,0.00,
10:32:28,NVDA,SS,191.8045,100,SMRT,BEST,IB,Short,260707015666.0,0,0.00,
10:32:28,NVDA,SS,191.81,100,SMRT,BEST,IB,Short,260707015666.0,0,0.00,
10:30:03,NVDA,B,191.945,73,SMRT,BEST,IB,Margin,260707015401.0,0,12.10,
10:30:03,NVDA,B,191.945,123,SMRT,BEST,IB,Margin,260707015401.0,0,20.38,
10:27:51,NVDA,B,191.8,196,SMRT,NASD,IB,Margin,260707015116.0,0,60.90,
10:22:21,NVDA,SS,192.11,200,SMRT,BEST,IB,Short,260707014301.0,0,0.00,
10:22:21,NVDA,SS,192.11,100,SMRT,ARCA,IB,Short,260707014301.0,0,0.00,
10:22:21,NVDA,SS,192.113,92,SMRT,BEST,IB,Short,260707014301.0,0,0.00,
10:21:20,MSFT,S,394.58,40,SMRT,BEST,IB,Margin,260707014212.0,0,20.25,
10:21:02,MSFT,S,394.785,40,SMRT,BEST,IB,Margin,260707014162.0,0,28.45,
10:20:20,MSFT,S,395.225,19,SMRT,BEST,IB,Margin,260707014026.0,0,21.87,
10:18:24,MSFT,S,394.26,24,SMRT,BEST,IB,Margin,260707013717.0,0,4.47,
10:17:06,MSFT,B,394.09,23,SMRT,MEMX,IB,Margin,260707013583.0,0,0.00,
10:17:06,MSFT,B,394.07,100,SMRT,BEST,IB,Margin,260707013583.0,0,0.00,
10:10:22,TSLA,B,411.155,60,SMRT,BEST,IB,Margin,260707012428.0,0,103.50,
10:09:43,TSLA,B,411.89,60,SMRT,BEST,IB,Margin,260707012337.0,0,59.40,
10:09:02,SPCX,B,152.6,24,SMRT,BEST,IB,Margin,260707012245.0,0,41.46,
10:09:01,TSLA,B,411.82,19,SMRT,BEST,IB,Margin,260707012243.0,0,20.14,
10:09:01,TSLA,B,411.82,60,SMRT,BEST,IB,Margin,260707012243.0,0,63.60,
10:09:01,TSLA,B,411.815,21,SMRT,BEST,IB,Margin,260707012243.0,0,22.37,
10:09:01,TSLA,B,411.815,19,SMRT,BEST,IB,Margin,260707012243.0,0,20.23,
10:07:49,TSLA,SS,412.88,239,SMRT,BEST,IB,Short,260707012030.0,0,0.00,
10:07:13,TSLA,S,414.14,200,SMRT,BEST,IB,Margin,260707011929.0,0,-118.78,
10:07:13,TSLA,S,414.14,6,SMRT,BEST,IB,Margin,260707011929.0,0,-3.56,
10:04:45,TSLA,S,412.5203,2,SMRT,BEST,IB,Margin,260707011589.0,0,-4.43,
10:04:45,TSLA,S,412.52,80,SMRT,BEST,IB,Margin,260707011589.0,0,-177.11,
10:04:45,TSLA,S,412.53,29,SMRT,BEST,IB,Margin,260707011589.0,0,-63.91,
10:04:45,TSLA,S,412.56,19,SMRT,BEST,IB,Margin,260707011589.0,0,-41.30,
10:04:45,TSLA,S,412.61,76,SMRT,BEST,IB,Margin,260707011589.0,0,-161.42,
10:03:21,TSLA,B,414.45,24,SMRT,BEST,IB,Margin,260707011369.0,0,0.00,
10:03:21,TSLA,B,414.44,76,SMRT,BEST,IB,Margin,260707011369.0,0,0.00,
10:03:21,TSLA,B,414.44,24,SMRT,BEST,IB,Margin,260707011369.0,0,0.00,
10:03:14,TSLA,B,414.59,74,SMRT,BEST,IB,Margin,260707011333.0,0,0.00,
10:03:14,TSLA,B,414.5,26,SMRT,BEST,IB,Margin,260707011333.0,0,0.00,
10:03:14,TSLA,B,414.5,74,SMRT,BEST,IB,Margin,260707011333.0,0,0.00,
10:02:49,TSLA,B,415.35,100,SMRT,BEST,IB,Margin,260707011274.0,0,0.00,
10:02:49,TSLA,B,415.35,14,SMRT,BEST,IB,Margin,260707011274.0,0,0.00,
09:58:10,SPCX,B,152.385,5,SMRT,BEST,IB,Margin,260707010412.0,0,9.71,
09:57:52,SPCX,B,152.2975,3,SMRT,BEST,IB,Margin,260707010334.0,0,6.09,
09:57:52,SPCX,B,152.2982,4,SMRT,BEST,IB,Margin,260707010334.0,0,8.12,
09:56:13,SPCX,B,152.53,8,SMRT,NASD,IB,Margin,260707010084.0,0,14.38,
09:56:11,SPCX,B,152.53,10,SMRT,NASD,IB,Margin,260707010077.0,0,17.98,
09:53:44,PLTR,S,134.455,115,SMRT,BEST,IB,Margin,260707009531.0,0,-11.13,
09:53:44,PLTR,S,134.455,115,SMRT,BEST,IB,Margin,260707009530.0,0,-11.13,
09:53:22,SPCX,B,153.69,13,SMRT,BEST,IB,Margin,260707009461.0,0,8.29,
09:53:13,SPCX,B,153.6495,16,SMRT,BEST,IB,Margin,260707009416.0,0,10.85,
09:52:15,SPCX,SS,154.3277,63,SMRT,BEST,IB,Short,260707009215.0,0,0.00,
09:52:15,SPCX,SS,154.327,20,SMRT,BEST,IB,Short,260707009215.0,0,0.00,
09:50:56,SPCX,B,154.935,51,SMRT,BEST,IB,Margin,260707008940.0,0,22.91,
09:49:01,PLTR,B,134.56,41,SMRT,BEST,IB,Margin,260707008582.0,0,0.00,
09:49:01,PLTR,B,134.55,189,SMRT,BEST,IB,Margin,260707008582.0,0,0.00,
09:47:27,SPCX,B,155.16,51,SMRT,BEST,IB,Margin,260707008287.0,0,11.44,
09:47:00,SPCX,B,155.36,1,SMRT,BEST,IB,Margin,260707008190.0,0,0.02,
09:47:00,SPCX,B,155.32,99,SMRT,BEST,IB,Margin,260707008190.0,0,6.36,
09:47:00,SPCX,B,155.32,1,SMRT,BEST,IB,Margin,260707008190.0,0,0.06,
09:44:24,SPCX,SS,155.26,90,SMRT,BEST,IB,Short,260707007652.0,0,0.00,
09:42:26,SPCX,B,155.525,100,SMRT,BEST,IB,Margin,260707007216.0,0,-4.18,
09:42:26,SPCX,B,155.525,12,SMRT,BEST,IB,Margin,260707007216.0,0,-0.50,
09:42:05,SPCX,SS,154.93,21,SMRT,BEST,IB,Short,260707007149.0,0,0.00,
09:42:05,SPCX,SS,154.93,100,SMRT,BEST,IB,Short,260707007149.0,0,0.00,
09:41:07,SPCX,B,155.5913,103,SMRT,BEST,IB,Margin,260707006996.0,0,55.16,
09:40:05,SPCX,B,154.405,51,SMRT,BEST,IB,Margin,260707006785.0,0,87.81,
09:38:31,SPCX,B,154.57,64,SMRT,BEST,IB,Margin,260707006360.0,0,99.64,
09:38:29,SPCX,B,154.47,80,SMRT,BEST,IB,Margin,260707006345.0,0,132.55,
09:38:20,SPCX,SS,155.425,67,SMRT,BEST,IB,Short,260707006308.0,0,0.00,
09:36:40,SPCX,SS,156.2852,39,SMRT,BEST,IB,Short,260707005847.0,0,0.00,
09:36:40,SPCX,SS,156.26,200,SMRT,NASD,IB,Short,260707005847.0,0,0.00,
09:36:40,SPCX,SS,156.275,96,SMRT,BEST,IB,Short,260707005847.0,0,0.00,
09:34:03,AAPL,S,314.04,17,SMRT,BEST,IB,Margin,260707005031.0,0,-22.83,
09:34:03,AAPL,S,314.05,421,SMRT,BEST,IB,Margin,260707005031.0,0,-561.27,
09:33:23,TSLA,S,417.1782,100,SMRT,BEST,IB,Margin,260707004812.0,0,-117.51,
09:33:23,TSLA,S,417.178,12,SMRT,BEST,IB,Margin,260707004812.0,0,-14.10,
09:32:54,TSLA,S,419.2,28,SMRT,BEST,IB,Margin,260707004647.0,0,23.71,
09:32:48,TSLA,S,419,35,SMRT,BEST,IB,Margin,260707004614.0,0,22.63,
09:32:47,TSLA,S,418.99,43,SMRT,BEST,IB,Margin,260707004609.0,0,27.38,
09:32:14,TSLA,B,418.39,118,SMRT,BEST,IB,Margin,260707004461.0,0,0.00,
09:32:14,TSLA,B,418.31,82,SMRT,BEST,IB,Margin,260707004461.0,0,0.00,
09:32:14,TSLA,B,418.31,18,SMRT,BEST,IB,Margin,260707004461.0,0,0.00,
09:31:38,AAPL,B,315.39,100,SMRT,BEST,IB,Margin,260707004293.0,0,0.00,
09:31:38,AAPL,B,315.39,39,SMRT,BEST,IB,Margin,260707004293.0,0,0.00,
09:31:38,AAPL,B,315.38,299,SMRT,BEST,IB,Margin,260707004293.0,0,0.00,
